[{"@type":"mtTask","id":"@1","name":"MCT_NTERFACE_INVENTORY_LOAD_FF_TO_TBL_01","description":"","runtimeEnvironmentId":"@91LPbdyrEKyfSdx3tW3S00","maxLogs":10,"verbose":false,"mappingId":"@2Lo3ukyBxKqkujZrBD2rgA","frsGuid":"2NQCIgnloe7kpezo1g5O2N","shortDescription":"","sessionPropertiesList":[{"name":"Allow Temporary Sequence for Pushdown","value":"NO","recommended":false},{"name":"Allow Temporary View for Pushdown","value":"NO","recommended":false},{"name":"Pushdown Optimization","value":"None","recommended":false},{"name":"Pushdown Optimization Context","value":"None","recommended":false},{"name":"Run Only In Pushdown Mode","value":"NO","recommended":false}],"enableCrossSchemaPushdown":true,"enableParallelRun":false,"autoTunedApplied":false,"autoTunedAppliedType":"NONE","paramFileType":"PARAM_FILE_LOCAL","schemaMode":"async","executionEngine":"SPARK","valid":true,"schemaValidationErrorCount":-1,"parameterFileEncoding":"UTF-8","serverlessProperties":{},"taskProperties":[{"@type":"taskProperty","name":"parameterFileDir","currentValue":"","type":"STRING","label":"label.parameterFileDir","required":false},{"@type":"taskProperty","name":"parameterFileName","currentValue":"","type":"STRING","label":"label.parameterFileName","required":false}],"parameters":[{"@type":"mtTaskParameter","id":3232479,"name":"$SRC_INVENTORY_FLAT_FILE$","type":"EXTENDED_SOURCE","label":"SRC_INVENTORY_FLAT_FILE","uiProperties":{"connectionParameterized":"false","isSelectDistinct":"false","isMsrcFilterParameterized":"false","isMsrcSortParameterized":"false","objectParameterized":"false","visible":"false","originalPath":"SRC_INVENTORY_FLAT_FILE"},"sourceConnectionId":"@aakco0GLVmqgJRef6r7zsu","newFlatFile":false,"newObject":false,"showBusinessNames":false,"naturalOrder":true,"truncateTarget":false,"bulkApiDBTarget":false,"srcFFAttrs":{"@type":"flatFileAttrs","id":1533281,"delimiter":",","textQualifier":"\"","escapeChar":"","headerLineNo":1,"firstDataRow":2},"customFuncCfg":{"@type":"customFuncConfig","id":-1,"connections":[],"inputMap":[],"outputFields":[]},"targetRefsV2":{},"targetUpdateColumns":[],"extendedObject":{"@type":"extendedObject","object":{"@type":"mObject","name":"SRC_INTF_INV_DATA.csv","label":"SRC_INTF_INV_DATA.csv","metadataUpdated":false,"relations":[],"children":[]},"singleMode":true,"objects":[{"@type":"mObject","name":"SRC_INTF_INV_DATA.csv","label":"SRC_INTF_INV_DATA.csv","metadataUpdated":false,"relations":[],"children":[]}],"filters":[],"sortFields":[]},"runtimeAttrs":{},"isRESTModernSource":true,"isFileList":false,"handleSpecialChars":false,"handleDecimalRoundOff":false,"frsAsset":false,"dynamicFileName":false,"excludeDynamicFileNameField":false,"currentlyProcessedFileName":false,"retainFieldMetadata":false,"useExactSrcNames":false,"fetchMode":"ORIGINAL","tgtObjectAttributes":{},"runtimeParameterData":{"@type":"mtTaskRuntimeParameterData","isConnectionRuntimeParameter":false,"isObjectRuntimeParameter":false},"overridableProperties":[],"overriddenFields":[]},{"@type":"mtTaskParameter","id":3232480,"name":"$TGT_MWAUDIT_INVENTORY_TABLE_LOAD$","type":"TARGET","label":"TGT_MWAUDIT_INVENTORY_TABLE_LOAD","uiProperties":{"connectionParameterized":"false","objectParameterized":"false","visible":"false","defaultTargetUpdateColumns":"","supportApplyDDLChanges":"false","originalPath":"TGT_MWAUDIT_INVENTORY_TABLE_LOAD"},"targetConnectionId":"@kP90p224uKKhhYLePX7jmY","targetObject":"TGT_MWHCM_INTF_INV_OBJ_LIST_TBL","targetObjectLabel":"TGT_MWHCM_INTF_INV_OBJ_LIST_TBL","newFlatFile":false,"newObject":false,"showBusinessNames":false,"naturalOrder":true,"truncateTarget":true,"bulkApiDBTarget":true,"operationType":"Insert","customFuncCfg":{"@type":"customFuncConfig","id":-1,"connections":[],"inputMap":[],"outputFields":[]},"targetRefsV2":{},"targetUpdateColumns":[],"extendedObject":{"@type":"extendedObject","singleMode":true,"filters":[],"sortFields":[]},"runtimeAttrs":{},"isRESTModernSource":true,"isFileList":false,"handleSpecialChars":false,"handleDecimalRoundOff":false,"frsAsset":false,"dynamicFileName":false,"excludeDynamicFileNameField":false,"currentlyProcessedFileName":false,"retainFieldMetadata":false,"objectName":"TGT_MWHCM_INTF_INV_OBJ_LIST_TBL","objectLabel":"TGT_MWHCM_INTF_INV_OBJ_LIST_TBL","useExactSrcNames":false,"fetchMode":"ORIGINAL","tgtObjectAttributes":{},"runtimeParameterData":{"@type":"mtTaskRuntimeParameterData","isConnectionRuntimeParameter":false,"isObjectRuntimeParameter":false},"overridableProperties":[],"overriddenFields":[]}],"sequences":[],"inOutParameters":[],"connRuntimeAttrs":[]}]