[{"@type":"mappingTemplate","id":"@1","name":"M_INTERFACE_INVENTORY_LOAD_FF_TO_TBL_01","description":"","bundleVersion":"0","templateId":"@3","deployTime":1682337217000,"hasParameters":false,"valid":true,"fixedConnection":true,"hasParametersDeployed":false,"fixedConnectionDeployed":true,"isSchemaValidationEnabled":false,"tasks":1,"mappingPreviewFileRecordId":"@2","documentType":"MAPPING","references":[{"@type":"reference","refObjectId":"@aakco0GLVmqgJRef6r7zsu","refType":"connection"},{"@type":"reference","refObjectId":"@kP90p224uKKhhYLePX7jmY","refType":"connection"}]}]